Parent,parentFile2.txt
HeartRate,682
Vmax,0.55114
Wavelength,221
 [DATA] 
0.0035991
0.0013843
0.010244
0.0011074
0.0074751
0.01052
0.013289
0.01052
0.011074
0.0055371
0.02021
0.0083056
0.011351
0.016058
0.019657
0.01938
0.017996
0.011905
0.01052
0.012458
0.020487
0.01495
0.014396
0.014673
0.02021
0.017442
0.023256
0.022702
0.022979
0.015781
0.027962
0.03433
0.02907
0.031285
0.025194
0.041805
0.028793
0.034053
0.034884
0.041528
0.046235
0.043466
0.03959
0.038206
0.035161
0.042913
0.038206
0.052326
0.051218
0.045958
0.054264
0.058416
0.055371
0.053433
0.062292
0.070598
0.075858
0.077796
0.075028
0.077243
0.074474
0.08887
0.093854
0.08887
0.10299
0.096622
0.1005
0.10853
0.11628
0.11628
0.12818
0.12265
0.12763
0.12846
0.13594
0.15199
0.13594
0.14978
0.15255
0.14812
0.15698
0.15836
0.15338
0.16058
0.16611
0.1711
0.15947
0.15615
0.15282
0.16528
0.16445
0.16085
0.16417
0.14452
0.13843
0.14369
0.13926
0.13427
0.12984
0.11932
0.12292
0.10659
0.092746
0.08278
0.079181
0.077796
0.073367
0.053156
0.042082
0.037099
0.021595
0.015781
0.003876
-0.0088594
-0.021041
-0.025194
-0.048173
-0.080842
-0.08278
-0.11074
-0.11323
-0.14341
-0.1567
-0.16916
-0.18826
-0.2057
-0.22231
-0.2381
-0.25471
-0.25664
-0.27159
-0.27685
-0.27547
-0.28322
-0.2655
-0.26827
-0.26744
-0.268
-0.24142
-0.23422
-0.21456
-0.22176
-0.18937
-0.19574
-0.17829
-0.15891
-0.1448
-0.12126
-0.12375
-0.10631
-0.095515
-0.080011
-0.080011
-0.071152
-0.059801
-0.059524
-0.046788
-0.030177
-0.041251
-0.032946
-0.021872
-0.016888
-0.013843
-0.028793
-0.02464
-0.013012
-0.013566
-0.015227
-0.016058
-0.026855
-0.013566
-0.0071982
-0.022979
-0.021872
-0.0085825
-0.011351
-0.028793
-0.027132
-0.027132
-0.023533
-0.026578
-0.021595
-0.021595
-0.013843
-0.02381
-0.025471
-0.027409
-0.021595
-0.022702
-0.018272
-0.022148
-0.016611
-0.034053
-0.022425
-0.021041
-0.026024
-0.029623
-0.011628
-0.026578
-0.015504
-0.021872
-0.034053
-0.024363
-0.03433
-0.013566
-0.010244
-0.013566
-0.019103
-0.032115
-0.026578
-0.014673
-0.01938
-0.022425
-0.018549
-0.016611
-0.022425
-0.024363
-0.018549
-0.018549
-0.026301
-0.021595
