Parent,parentFile2.txt
HeartRate,682
Vmax,0.37598
Wavelength,221
 [DATA] 
-0.0064935
-0.015828
0.00081169
0.020698
-0.028003
-0.019075
-0.05276
-0.017451
-0.005276
-0.012175
-0.022727
0.0016234
-0.017857
-0.014205
-0.0625
-0.034091
-0.0016234
-0.020292
-0.028409
0.024351
-0.016234
-0.045455
-0.055601
-0.048295
-0.048295
-0.033685
-0.034903
-0.023133
-0.031656
-0.049513
-0.053977
-0.076705
-0.038149
-0.043425
-0.050325
-0.058036
-0.02151
-0.061688
-0.07224
-0.1039
-0.066964
-0.066558
-0.043425
-0.066558
-0.033685
-0.06737
-0.076705
-0.12581
-0.10755
-0.078328
-0.082386
-0.073458
-0.078734
-0.056818
-0.10714
-0.10674
-0.14123
-0.10998
-0.094562
-0.097808
-0.086445
-0.074269
-0.10065
-0.11364
-0.13474
-0.10674
-0.10593
-0.097403
-0.11891
-0.058036
-0.10349
-0.12784
-0.15381
-0.12662
-0.10836
-0.12054
-0.10998
-0.10552
-0.10836
-0.11445
-0.12865
-0.15219
-0.13433
-0.12825
-0.11323
-0.13352
-0.10877
-0.13758
-0.13961
-0.17532
-0.15625
-0.13149
-0.12297
-0.11607
-0.077922
-0.10268
-0.12338
-0.14123
-0.10877
-0.074269
-0.038961
-0.033685
-0.025162
0.020292
0.012987
0.013799
0.012175
0.060471
0.099838
0.13312
0.15138
0.18141
0.17532
0.19481
0.20982
0.25244
0.29464
0.30479
0.3336
0.43466
0.40584
0.4237
0.42979
0.46226
0.51948
0.53977
0.5905
0.60917
0.64123
0.653
0.653
0.65057
0.69034
0.73295
0.73945
0.75081
0.76786
0.7289
0.74229
0.70211
0.71875
0.7151
0.7086
0.68669
0.67938
0.64692
0.61688
0.53571
0.53896
0.53328
0.51623
0.48539
0.45008
0.44399
0.37987
0.37541
0.29951
0.29789
0.31047
0.27435
0.2642
0.25325
0.20982
0.19399
0.16437
0.16883
0.1461
0.14813
0.125
0.17208
0.12054
0.10877
0.066558
0.060471
0.075487
0.095779
0.10065
0.09862
0.082792
0.063718
0.069399
0.036932
0.068182
0.068588
0.064123
0.082792
0.089692
0.050325
0.042614
0.029221
0.05276
0.055195
0.059659
0.066153
0.097808
0.071023
0.04586
0.0016234
0.042208
0.063718
0.08401
0.074675
0.092938
0.059253
0.0625
0.012581
0.060471
0.086039
0.076705
0.05276
0.091721
0.039773
0.042614
0.029627
0.058036
0.06737
0.060065
0.059659
0.1108
0.077922
0.05763
