Parent,parentFile6.txt
HeartRate,600
Vmax,1.69022
Wavelength,206
 [DATA] 
0.011826
0.01318
0.015708
0.013993
0.012458
0.013
0.013
0.010562
0.011465
0.012278
0.012278
0.011917
0.0066805
0.0052361
0.0023472
0.0024375
0.0055972
0.0073124
-0.0013542
0.0020764
0.0047847
-0.0022569
0.00018055
0.00063194
0.0012639
0.0018958
0.0050555
0.0040625
0.0057777
0.007493
0.0066805
0.0067708
0.01318
0.014264
0.011736
0.015979
0.015167
0.021305
0.017153
0.018055
0.020944
0.020403
0.024555
0.021847
0.023472
0.026722
0.024194
0.027444
0.028528
0.027625
0.028347
0.031597
0.027444
0.030243
0.030785
0.02943
0.029521
0.029521
0.033764
0.027715
0.028437
0.02934
0.026
0.028979
0.025729
0.022298
0.025007
0.023923
0.022118
0.020673
0.018055
0.013812
0.013361
0.01318
0.010111
0.0060486
0.00018055
0.0031597
-0.0038819
-0.0076736
-0.015889
-0.017875
-0.022298
-0.033132
-0.033673
-0.039
-0.046854
-0.052812
-0.060937
-0.065631
-0.073756
-0.081249
-0.088652
-0.098312
-0.099937
-0.11131
-0.117
-0.12621
-0.13668
-0.1411
-0.14598
-0.15103
-0.16078
-0.16963
-0.17785
-0.18137
-0.19058
-0.19355
-0.20159
-0.20673
-0.20782
-0.21522
-0.22551
-0.22786
-0.23084
-0.23571
-0.23589
-0.24248
-0.23978
-0.24321
-0.23923
-0.24285
-0.23716
-0.23942
-0.22912
-0.22714
-0.21811
-0.21035
-0.2024
-0.19572
-0.18507
-0.17405
-0.16042
-0.14833
-0.14083
-0.12693
-0.11555
-0.10481
-0.095965
-0.085583
-0.075472
-0.066173
-0.057777
-0.047757
-0.040805
-0.034757
-0.030875
-0.027354
-0.021486
-0.021125
-0.015979
-0.015257
-0.014625
-0.0078541
-0.011736
-0.0074027
-0.0074027
-0.0049652
-0.0054166
-0.0063194
-0.010743
-0.0090277
-0.0056875
-0.004875
-0.0060486
-0.0033403
-0.0052361
-0.0068611
-0.004875
-0.0065
-0.0067708
-0.0055972
-0.007493
-0.0043333
-0.0060486
-0.0066805
-0.004875
-0.0065902
-0.0083055
-0.0049652
-0.004243
-0.0074027
-0.0060486
-0.0062291
-0.0055069
-0.0069513
-0.0030694
-0.0046944
-0.0046944
-0.0022569
-0.0044236
-0.004243
-0.0057777
-0.0039722
-0.00099305
-0.0038819
-0.0057777
-0.0043333
-0.0035208
-0.0047847
-0.005868
-0.00027083
-0.0097499
-0.0031597
-0.0053264
-0.0081249
