Parent,parentFile1.txt
HeartRate,585
Vmax,1.44424
Wavelength,179
 [DATA] 
-0.002113
0.0011622
-0.0038035
-0.0013735
-0.0035922
-0.0033809
-0.0016904
-0.0022187
-0.0026413
0.00031696
0.00010565
0.00042261
-0.0033809
-0.002747
0
0
-0.00073957
-0.0012678
-0.0019017
-0.0023244
-0.002113
-0.0047544
0.0022187
-0.0039091
-0.00243
-0.00073957
-0.00031696
-0.0031696
-0.00052826
-0.0057052
-0.002747
-0.00010565
-0.0016904
-0.0017961
-0.0011622
-0.0043317
-0.0038035
-0.0046487
0.00010565
-0.00084522
-0.00084522
-0.0054939
-0.0038035
-0.0043317
-0.0070787
0.0015848
0.0013735
-0.002113
-0.0063391
-0.0065504
-0.0067618
-0.0039091
-0.0028526
-0.0035922
-0.0061278
-0.005177
-0.0060222
-0.0031696
-0.0044374
-0.0091918
-0.005177
-0.0091918
-0.00972
-0.0068674
-0.0085578
-0.0080296
-0.0095087
-0.010777
-0.0091918
-0.0083465
-0.011622
-0.0081352
-0.010882
-0.013629
-0.01215
-0.012361
-0.010882
-0.014897
-0.013418
-0.016904
-0.011727
-0.013312
-0.01384
-0.013629
-0.011305
-0.011727
-0.016165
-0.010882
-0.013312
-0.0086635
-0.010037
-0.012044
-0.0081352
-0.011727
-0.011727
-0.011516
-0.010248
-0.0069731
-0.010143
-0.0066561
-0.0098257
-0.0061278
-0.0086635
-0.0052826
-0.011305
-0.00729
-0.0061278
-0.0026413
-0.00095087
0.0015848
-0.00052826
0.0034865
0.0052826
0.011199
0.012678
0.017433
0.020708
0.0243
0.02842
0.030956
0.036873
0.034443
0.040359
0.043423
0.047544
0.038246
0.042684
0.040782
0.045114
0.043106
0.035816
0.033703
0.032858
0.029371
0.028632
0.024089
0.023772
0.01944
0.020708
0.010988
0.011094
0.0095087
0.011516
0.0070787
0.0068674
0.0071844
0.0030639
0.0035922
0.00042261
0
0.00052826
0.00031696
0
-0.0050713
0.00084522
-0.0029583
-0.002113
0
0.0026413
-0.0035922
-0.0019017
-0.0020074
-0.0012678
0.00073957
-0.00084522
0.0019017
-0.00052826
-0.0030639
-0.00031696
0.0010565
0.00052826
-0.002113
-0.00042261
-0.0023244
0.00095087
-0.00052826
-0.0022187
0.00010565
-0.00010565
