Parent,parentFile4.txt
HeartRate,567
Vmax,0.75776
Wavelength,231
 [DATA] 
0.0032219
0.0012082
-0.0056383
0.0044301
0.0036246
0.011277
-0.0030205
0.003826
-0.010874
-0.0062424
-0.0014096
0.0034233
-0.0012082
0.0032219
-0.0066452
0.0014096
0
-0.013089
-0.01329
-0.0040274
-0.0012082
-0.0066452
0.001611
-0.0086589
-0.0082561
-0.0046315
-0.009263
-0.0066452
-0.0094644
0.0026178
-0.0096657
-0.011881
-0.0042288
-0.011881
-0.018325
-0.012485
-0.020741
-0.013492
-0.013089
-0.0042288
-0.013894
-0.013894
-0.017519
-0.017519
-0.012485
-0.0084575
-0.0056383
-0.011277
-0.018325
-0.011881
-0.01027
-0.021144
-0.0082561
-0.01611
-0.016311
-0.014096
-0.014901
-0.0078534
-0.012686
-0.020741
-0.011277
-0.018526
-0.012284
-0.011881
-0.005437
-0.010673
-0.0068466
-0.01772
-0.017116
-0.0034233
-0.0024164
0.0012082
-0.0026178
-0.00040274
0.0036246
0.0072493
0.001611
-0.0046315
0.01329
0.016512
0.022352
0.017116
0.019533
0.030004
0.02799
0.022956
0.037253
0.04269
0.062626
0.059605
0.059203
0.059203
0.068264
0.081957
0.08236
0.094241
0.097865
0.10834
0.11357
0.11055
0.12082
0.13008
0.14116
0.14821
0.15284
0.16089
0.1621
0.16714
0.17378
0.17861
0.18909
0.19734
0.19694
0.20117
0.21184
0.20479
0.21909
0.21164
0.21305
0.21526
0.21909
0.2199
0.21808
0.21104
0.21647
0.2066
0.20177
0.19996
0.19774
0.19855
0.18949
0.17519
0.15767
0.15244
0.14035
0.12525
0.118
0.098671
0.09263
0.070681
0.045509
0.017519
0.0034233
-0.026983
-0.055981
-0.07209
-0.10411
-0.12263
-0.14881
-0.1766
-0.20882
-0.23319
-0.23419
-0.25795
-0.25916
-0.27306
-0.26903
-0.26762
-0.27286
-0.265
-0.24104
-0.23419
-0.206
-0.18949
-0.16915
-0.14277
-0.11438
-0.10109
-0.081756
-0.061418
-0.03826
-0.013492
-0.0084575
0.0024164
0.011679
0.014096
0.028393
0.023157
0.03081
0.035038
0.041079
0.023762
0.024164
0.028192
0.026581
0.016311
0.025775
0.020338
0.02799
0.023157
0.023359
0.0096657
0.018325
0.01611
0.017318
0.018526
0.024567
0.025373
0.015505
0.014499
0.011478
0.0147
0.0072493
0.018325
0.020137
0.015505
0.01772
0.012888
0.0096657
0.010874
0.0044301
0.019533
0.012686
0.023359
0.011277
0.011075
0.018727
0.001611
0.0096657
0.02054
0.021345
0.021949
0.015505
0.017318
0.013894
0.012686
0.013894
0.01329
0.022151
0.012888
0.015908
