Parent,parentFile4.txt
HeartRate,567
Vmax,0.9166
Wavelength,231
 [DATA] 
-0.005993
-0.00099883
-0.00033294
-0.0074913
-0.010654
-0.0019977
0.0053271
0.0021641
-0.0014983
-0.00049942
-0.0049942
-0.0038289
-0.003163
-0.00066589
0
-0.0018312
0.0014983
-0.00099883
-0.0038289
-0.00066589
-0.0056601
-0.0023306
-0.0071583
-0.0061595
-0.0016647
0.0038289
0.0014983
-0.0041618
-0.0053271
-0.005993
0.00016647
-0.0071583
-0.0074913
0.0068254
-0.0011653
-0.0078242
-0.0068254
-0.0084901
-0.0073248
0.00066589
0
0.0019977
-0.0014983
-0.0069918
0.0053271
0.00049942
0.0049942
0.0069918
0.0033294
0.0019977
0.0058265
0.0054936
0.0046612
0.0058265
0.0049942
0.005993
0.0096554
0.014483
0.015149
0.009156
0.014816
0.011986
0.015981
0.014983
0.008823
0.01748
0.02031
0.0288
0.017313
0.017813
0.019311
0.025137
0.026969
0.022807
0.027301
0.03163
0.019977
0.020643
0.020476
0.023306
0.03113
0.030797
0.028134
0.032462
0.0283
0.034626
0.023473
0.025304
0.036624
0.038122
0.030964
0.032962
0.038289
0.039953
0.029799
0.032129
0.03163
0.037123
0.03729
0.038455
0.038289
0.029965
0.043283
0.038122
0.035459
0.035792
0.034959
0.045613
0.038622
0.037789
0.032462
0.027468
0.033461
0.033627
0.030464
0.0283
0.038955
0.037123
0.019144
0.025137
0.016814
0.014483
0.016481
0.013984
0.0053271
0.0069918
-0.0018312
-0.0053271
-0.010821
-0.018645
-0.020476
-0.03163
-0.034293
-0.032962
-0.040286
-0.05427
-0.064092
-0.066423
-0.075079
-0.073581
-0.086233
-0.099051
-0.10355
-0.1152
-0.13085
-0.141
-0.14733
-0.15931
-0.16497
-0.17396
-0.18462
-0.19211
-0.19477
-0.20509
-0.20526
-0.2041
-0.19344
-0.19244
-0.18645
-0.1728
-0.16414
-0.15315
-0.14233
-0.11603
-0.10554
-0.082737
-0.062261
-0.046279
-0.031963
-0.020976
-0.0054936
0.011154
0.023972
0.02314
0.039287
0.047611
0.04295
0.055768
0.043616
0.053604
0.051939
0.052938
0.044948
0.04861
0.046945
0.036624
0.037956
0.030132
0.031963
0.030631
0.031796
0.027967
0.024139
0.020809
0.017979
0.023806
0.013984
0.011487
0.021308
0.018811
0.013817
0.0074913
0.0033294
0.0098219
0.015149
0.016148
0.0084901
0.016314
0.012818
0.009156
0.0011653
0.0073248
0.0071583
0.008823
0.0044948
0.0069918
0.011154
0.0046612
0.0076577
0
0.008823
0.012985
0.0066589
-0.0018312
0.006326
0.014317
0.0021641
-0.0011653
-0.00049942
0.0024971
0.010821
