Parent,parentFile3.txt
HeartRate,619
Vmax,0.40786
Wavelength,231
 [DATA] 
-0.013468
-0.02095
-0.010849
0.00037411
-0.029181
-0.021324
-0.0056117
-0.0078563
-0.0089787
-0.010101
-0.014964
-0.013468
-0.014964
-0.015339
-0.01459
-0.015713
-0.017209
0
-0.0089787
-0.025814
-0.0063599
-0.0074822
-0.01459
-0.023195
-0.016835
-0.0022447
0.0078563
-0.015339
-0.023195
-0.0082305
-0.006734
-0.010101
-0.0089787
-0.014964
-0.017583
-0.016087
-0.017583
-0.01459
-0.010101
-0.023943
-0.010849
-0.0074822
-0.026188
-0.0052376
-0.012346
-0.015713
-0.01459
-0.0082305
-0.021324
-0.02095
-0.014964
-0.01459
0.0093528
-0.013468
-0.0089787
-0.0011223
-0.018706
0.0018706
0.0011223
0.0063599
0.0082305
0.011223
0.0018706
0.024691
0.01908
0.018706
0.032922
0.026936
0.042649
0.048634
0.057987
0.063599
0.043397
0.071829
0.082305
0.075196
0.093902
0.09914
0.098017
0.11223
0.11111
0.11822
0.12421
0.14216
0.13318
0.15526
0.16087
0.16423
0.18257
0.18855
0.1792
0.19454
0.20688
0.20539
0.20314
0.2009
0.20838
0.21773
0.18593
0.19566
0.16199
0.14141
0.14029
0.12196
0.11111
0.063599
0.072204
0.036289
0.0056117
-0.023195
-0.018706
-0.046764
-0.056491
-0.064721
-0.076693
-0.067714
-0.074822
-0.070707
-0.065095
-0.060232
-0.055743
-0.031425
-0.034792
-0.02095
0.0022447
0.0026188
-0.0029929
-0.00074822
0.0056117
0.031051
0.02544
0.024691
0.024317
0.015713
0.02544
0.023943
0.023195
0.032548
0.032922
0.016835
0.006734
0.0041152
0.017209
0.031051
0.020202
0.0052376
0.016087
0.012346
0.024691
0.029555
0.013094
0.0052376
0.025065
0.013842
0.0097269
0.020202
0.015339
0.01272
0.0059858
0.0071081
0.0074822
0.018706
0.020202
0.016461
-0.006734
0.010849
0.026562
0.018331
0
0.00074822
0.023943
0.0082305
0.0029929
0.010475
0.010101
0.0022447
0.016087
0.010101
0.022821
0.013842
0.014216
0.017583
0.013468
0
0.015339
0.014964
0.011597
0.014964
0.011223
0.013842
0.017209
0.011597
0.01272
0.017583
0.015713
0.01272
0.0026188
0.029555
0.02095
0.0056117
0.0029929
-0.0018706
0.02544
0.017957
0.025814
0.014964
0.006734
-0.0014964
0.011223
0.003367
0.0086046
0.0074822
0.0044893
0.0022447
0.021324
0.0037411
0.010849
-0.0071081
0
-0.0026188
0.010101
0.015713
-0.0082305
-0.0056117
-0.010101
0
-0.003367
-0.0074822
-0.0026188
-0.024691
0.0063599
