Parent,parentFile5.txt
HeartRate,607
Vmax,1.26022
Wavelength,199
 [DATA] 
-0.034508
-0.029907
-0.018525
-0.019857
-0.029422
-0.029059
-0.034023
-0.033297
-0.033055
-0.025306
-0.023611
-0.0247
-0.028817
-0.024821
-0.02579
-0.027243
-0.032207
-0.025911
-0.024942
-0.019857
-0.020947
-0.025064
-0.024579
-0.025427
-0.035355
-0.02918
-0.021431
-0.01901
-0.019131
-0.025911
-0.031844
-0.025185
-0.024095
-0.030633
-0.025185
-0.020341
-0.021673
-0.025064
-0.033297
-0.030391
-0.020463
-0.028091
-0.032086
-0.026759
-0.020705
-0.017799
-0.023368
-0.029301
-0.025669
-0.030149
-0.028817
-0.025548
-0.019252
-0.018404
-0.023247
-0.02688
-0.024337
-0.029786
-0.029544
-0.022884
-0.019252
-0.017436
-0.03027
-0.028091
-0.027485
-0.030028
-0.032328
-0.027606
-0.025185
-0.026032
-0.027606
-0.028212
-0.033902
-0.03366
-0.037777
-0.041288
-0.032328
-0.036566
-0.025911
-0.037172
-0.042741
-0.042378
-0.046253
-0.049158
-0.045405
-0.048432
-0.03814
-0.048916
-0.050733
-0.057271
-0.056302
-0.065141
-0.057029
-0.053033
-0.056544
-0.056787
-0.061872
-0.061993
-0.062719
-0.065262
-0.060903
-0.052064
-0.053517
-0.044436
-0.050127
-0.050006
-0.047584
-0.0448
-0.043952
-0.029422
-0.027122
-0.016709
-0.013803
-0.0065383
-0.0025427
0.0042378
0.013077
0.025548
0.0471
0.066957
0.07737
0.097833
0.11975
0.1436
0.16745
0.19893
0.23853
0.26989
0.31154
0.34447
0.39012
0.43407
0.47439
0.51907
0.57053
0.61436
0.664
0.70868
0.74028
0.78557
0.82504
0.84708
0.88655
0.91185
0.93401
0.95278
0.95895
0.95883
0.95314
0.94491
0.94394
0.9219
0.90084
0.86972
0.83073
0.79453
0.75881
0.70662
0.65492
0.62247
0.57319
0.52815
0.47124
0.42342
0.38237
0.3406
0.29507
0.26299
0.23211
0.20596
0.17218
0.14106
0.11273
0.08633
0.072648
0.0695
0.046253
0.051822
0.038261
0.028333
0.015256
0.01683
0.012713
0.012713
0.013924
0.014045
0.0016951
0.00084756
0.0048432
0
-0.0066594
-0.0010897
0.0033902
0.0038746
0.0036324
0
-0.0023005
-0.00024216
-0.0033902
