Parent,parentFile6.txt
HeartRate,600
Vmax,1.05712
Wavelength,206
 [DATA] 
0.0070727
0.011114
0.010537
0.010681
0.0085162
0.0079388
0.0047633
0.0064954
0.0067841
0.012269
0.0020208
0.0085162
0.0096709
0.0053406
0.0047633
0.005918
0.0036085
0.0070727
0.0037529
0.0075058
0.0072171
0.0088048
0.0086605
0.0082275
0.005052
0.0038972
0.016166
0.0076501
0.0030312
0.012702
0.0057737
0.0043303
0.015012
0.0046189
0.0053406
0.012702
0.012846
0.0043303
0.006351
0.0056293
0.0090935
0.00014434
0.0049076
0.0085162
0.0043303
0.005918
0.0036085
0.0041859
0.00072171
0.005052
0.0024538
-0.0030312
0.0018764
0.0056293
0.0044746
0.0011547
0.00057737
0.005052
0.0030312
0.0017321
-0.0049076
0.00086605
0.0018764
0.0020208
-0.00043303
-0.0036085
0.00028868
-0.0056293
-0.0015878
-0.0060624
-0.0030312
0.0017321
-0.0051963
-0.0070727
-0.0088048
-0.0062067
-0.0098152
-0.0079388
-0.006351
-0.010393
-0.014145
-0.012269
-0.014001
-0.016888
-0.020785
-0.011114
-0.024682
-0.019053
-0.025837
-0.024394
-0.024538
-0.023528
-0.032188
-0.029734
-0.032188
-0.031033
-0.03392
-0.038684
-0.042148
-0.043014
-0.046334
-0.05052
-0.041715
-0.051386
-0.062067
-0.057304
-0.060479
-0.065676
-0.063655
-0.062211
-0.071449
-0.071594
-0.070294
-0.078666
-0.078666
-0.08011
-0.085162
-0.085017
-0.086316
-0.084873
-0.0931
-0.097864
-0.10306
-0.10638
-0.11215
-0.10797
-0.12154
-0.12255
-0.12514
-0.13251
-0.13655
-0.13597
-0.13987
-0.14521
-0.1429
-0.14001
-0.1429
-0.13395
-0.1263
-0.11576
-0.10782
-0.10104
-0.088048
-0.076068
-0.056871
-0.042436
-0.034642
-0.015445
-0.0092379
0.0018764
0.020208
0.030745
0.039261
0.045612
0.05052
0.057737
0.05254
0.061057
0.054417
0.059469
0.053984
0.051963
0.048066
0.04388
0.040849
0.033199
0.036374
0.032621
0.024827
0.024682
0.01761
0.011259
0.013424
0.011403
0.0076501
0.0083718
0.0040416
0.0090935
0.006351
0.00028868
0.0021651
-0.0031755
-0.0064954
-0.0027425
-0.00072171
-0.00028868
-0.00028868
-0.0044746
-0.0064954
-0.005485
-0.0025982
0.00043303
-0.0041859
-0.00057737
-0.00086605
0.0041859
0.0033199
0.00014434
0.0041859
-0.00028868
0.0060624
0.0051963
0.0057737
0.0046189
0.0046189
0.006351
