Parent,parentFile3.txt
HeartRate,619
Vmax,1.20788
Wavelength,151
 [DATA] 
0.0026529
0.0013896
0.0080849
0.0029055
0.0036635
0.0011369
0.005811
0.0037898
0.0024002
0.0049267
0.0040424
0.0064426
0.0042951
0.0042951
0.014275
0.024381
0.028676
0.036508
0.034361
-0.0034108
0.036256
0.068974
0.27287
0.40197
0.49179
0.72802
0.46147
-1.0202
-1.5634
-0.97815
0.23661
0.97991
0.76996
0.21362
-0.22802
-0.43658
-0.49419
-0.40993
-0.25556
-0.099293
0.045856
0.13946
0.19101
0.21526
0.20743
0.17281
0.13302
0.099798
0.066574
0.046109
0.014275
-0.015033
-0.03575
-0.047625
-0.053815
-0.056973
-0.05571
-0.052046
-0.054573
-0.046488
-0.038782
-0.040424
-0.027665
-0.024002
-0.022865
-0.018317
-0.011243
-0.013896
-0.012254
-0.0078322
-0.0040424
-0.0077059
-0.0055584
-0.0053057
-0.0072006
-0.0025265
-0.0066953
-0.0072006
-0.0029055
0.0024002
-0.0060637
-0.0021475
0.0020212
0.0012633
-0.0024002
0.0018949
-0.0039161
-0.0034108
0.0022739
-0.0041688
-0.00037898
-0.00075796
0.0044214
-0.0030318
0
-0.0018949
-0.0021475
0.0032845
-0.0011369
-0.00037898
-0.0035371
0.00037898
-0.0027792
-0.0025265
0.0022739
-0.0022739
0.00075796
-0.0018949
0.00025265
0.0021475
-0.0051794
0.0016422
-0.00025265
0.00075796
0.0027792
0.00012633
-0.0017686
0
-0.0010106
0.0026529
0.00063163
-0.0027792
0.00050531
-0.00075796
0.0018949
-0.0013896
0.0021475
0.0041688
0.0032845
-0.0039161
0.00063163
0.0031582
0.0056847
0.0026529
0.0020212
0.0064426
0.00025265
0.0013896
-0.0059373
-0.0026529
-0.0022739
0.0018949
-0.00063163
0.0017686
0.0025265
-0.0035371
-0.0042951
-0.00063163
-0.0039161
-0.0021475
-0.0027792
