Parent,parentFile5.txt
HeartRate,607
Vmax,0.6549
Wavelength,112
 [DATA] 
0.01794
-0.00069897
0.0041938
-0.0058248
0.02493
0.031687
0.043336
0.055685
0.066636
0.03192
0.025629
-0.013747
-0.16682
-0.41263
-0.58015
-0.71994
-0.46109
-0.2027
0.17684
0.60205
0.62325
-0.025862
-0.4068
-1.6452
-0.064539
0.98649
0.81221
0.53984
0.45876
0.49884
0.55359
0.56151
0.54007
0.49953
0.44944
0.39003
0.31128
0.24651
0.17428
0.11976
0.04287
-0.0044268
-0.065704
-0.10508
-0.1363
-0.14981
-0.15797
-0.15541
-0.14748
-0.12465
-0.11021
-0.099953
-0.075256
-0.061044
-0.030289
-0.010019
0.0095527
0.039376
0.044268
0.041938
0.052423
0.053355
0.060811
0.085508
0.069199
0.06617
0.091799
0.070829
0.054986
0.0452
0.05685
0.058248
0.056151
0.061277
0.054986
0.043103
0.032386
0.027027
0.027493
0.03658
0.039143
0.030988
0.034017
0.035182
0.012116
0.0074557
0.011417
0.022134
0.0226
0.023299
0.020736
0.030755
0.0081547
0.014911
-0.0020969
0.0095527
0.018173
0.018406
0.022134
0.020969
0.025629
0.0065238
0.017241
-0.0041938
0.023066
0.021901
0.025629
0.023066
0.01561
0.014212
0.010485
0.013514
