Parent,parentFile3.txt
HeartRate,619
Vmax,1.02158
Wavelength,101
 [DATA] 
0.0037341
-0.0082151
-0.0091113
-0.0004481
-0.0059746
-0.0037341
-0.0026886
-0.0022405
0.00014937
-0.0079164
0.0031367
-0.004481
0.015833
0.015982
-0.0079164
0.0085138
0.056311
0.05183
-0.11561
-0.20478
-0.51053
-0.73562
-1.1582
-2.3574
-2.5429
-0.97222
0.75235
0.68917
-0.19492
-0.88588
-1.1046
-1.0442
-0.70351
-0.29096
0.11501
0.47737
0.71561
0.87752
0.9658
0.9776
0.93936
0.84705
0.73398
0.61792
0.48693
0.3534
0.27707
0.21016
0.15833
0.1186
0.094698
0.067364
0.046751
0.039731
0.03286
0.025541
0.024645
0.022405
0.026438
0.021359
0.02584
0.026886
0.022106
0.021658
0.027334
0.018521
0.020015
0.018073
0.011202
0.015086
0.011949
0.010754
0.0055265
0.0037341
0.0064227
0.0047797
0.0013443
-0.0010456
0.0040329
0.0062733
0.010306
0.0095594
-0.0017924
-0.00029873
-0.0019417
0.0055265
0.0035848
0.0080657
0.006124
-0.0014937
0.0035848
0.0019417
0.001643
-0.0017924
-0.0049291
-0.0062733
-0.0019417
0
-0.0082151
-0.0055265
-0.0050784
