Parent,parentFile3.txt
HeartRate,619
Vmax,1.11358
Wavelength,136
 [DATA] 
-0.0021924
-0.0031515
-0.0047958
-0.0034256
-0.0049329
-0.0012332
-0.0016443
-0.0050699
-0.00095917
-0.0041107
-0.0089065
0.0023294
0.00013702
-0.0020554
-0.00013702
-0.0015073
0.005892
0.005892
0.00013702
-0.0019183
0.010414
0.0079474
-0.020691
-0.041792
-0.091395
-0.13922
-0.24925
-0.44971
-0.61921
-0.80282
-1.1781
-2.1106
-1.7375
-0.28049
0.87366
0.66827
-0.80762
-0.96095
-0.79652
-0.6029
-0.29118
0.053713
0.36352
0.60195
0.77336
0.85078
0.86572
0.82941
0.76336
0.68772
0.59975
0.50795
0.43025
0.34804
0.26391
0.18539
0.15689
0.12181
0.09578
0.07276
0.052206
0.036037
0.022198
0.011784
0.0039737
-0.0052069
-0.013291
-0.020554
-0.032886
-0.03823
-0.035215
-0.039326
-0.038915
-0.040148
-0.048643
-0.048095
-0.045492
-0.046862
-0.048369
-0.0433
-0.047136
-0.0359
-0.041107
-0.036311
-0.031653
-0.029323
-0.032201
-0.031515
-0.023294
-0.029734
-0.030693
-0.029323
-0.033434
-0.033297
-0.032612
-0.035626
-0.025623
-0.02946
-0.027953
-0.031241
-0.025212
-0.024527
-0.021787
-0.020965
-0.023157
-0.017539
-0.0079474
-0.01151
-0.0084955
-0.0050699
-0.0087695
-0.005618
0.0010962
0.0012332
0.0034256
0.0046588
0.011921
0.0068512
0.012743
0.0082214
0.0080844
0.01658
0.012606
0.018361
0.014936
0.019731
0.015758
0.018498
0.022609
0.018635
0.018498
0.021924
0.025623
0.024527
0.02576
0.025486
