Parent,parentFile3.txt
HeartRate,619
Vmax,1.74164
Wavelength,101
 [DATA] 
0.0021903
0
-0.00096373
0.0016646
0.0018398
0.00043806
0.0059576
0.0064833
0.0018398
0.0017522
0.0072718
0.024969
-0.013142
0.051078
0.057035
0.039162
0.034344
-0.0198
-0.11267
-0.26625
-0.09576
0.15376
0.22026
0.76564
0.76818
-0.64053
-1.025
-0.32189
0.22972
0.4003
0.3168
0.16305
0.023042
-0.058437
-0.089276
-0.083844
-0.067373
-0.051516
-0.037848
-0.019713
-0.0076222
-0.0013142
-0.0016646
-0.0035921
-0.011039
-0.021552
-0.026196
-0.033555
-0.031015
-0.036446
-0.035132
-0.038111
-0.038023
-0.037147
-0.034519
-0.031803
-0.02935
-0.025933
-0.025057
-0.026284
-0.019713
-0.016296
-0.017084
-0.012616
-0.0095497
-0.0093745
-0.0098125
-0.0068337
-0.0091992
-0.006308
-0.0056948
-0.0045558
-0.0035921
-0.0056071
-0.0045558
-0.0065709
-0.00096373
-0.001577
-0.0035921
-0.0038549
-8.7612e-05
-0.004731
-0.001577
-0.0030664
0.0018398
-0.0025407
-0.001577
0
-0.0034169
-0.00035045
-0.0054319
-0.0020151
-0.0054319
0.00052567
-0.0040301
-0.0025407
-0.0019275
-0.0018398
-0.0032416
-0.0044682
-0.0050815
