Parent,parentFile6.txt
HeartRate,600
Vmax,1.69022
Wavelength,104
 [DATA] 
0.00325
0.0014444
0.0036111
0.0015347
-0.0025278
-0.00036111
0.001625
0.00081249
0.0036111
0.0013542
-0.0040625
-0.0095694
-0.018868
-0.023653
-0.0054166
0.012819
0.08134
0.19789
0.28663
0.24637
0.10707
-0.021847
0.17044
0.78893
0.87226
0.84851
0.46709
0.25431
0.030423
0.3176
0.99549
0.87027
0.61235
0.45075
0.36391
0.32581
0.29015
0.25774
0.221
0.17947
0.13659
0.1012
0.074388
0.052812
0.040354
0.036021
0.036833
0.036021
0.035208
0.044597
0.048027
0.053173
0.059763
0.066805
0.0715
0.070597
0.074298
0.074569
0.079895
0.078541
0.075472
0.070868
0.066083
0.069965
0.065451
0.061569
0.056243
0.049923
0.046673
0.044236
0.040444
0.033583
0.035118
0.030965
0.027444
0.02284
0.019951
0.013812
0.014535
0.011285
0.0093888
0.005868
0.0056875
0.0044236
0.0034305
-0.0023472
0.001625
-0.00081249
-0.0035208
-0.00054166
-0.0071319
-0.002618
-0.0049652
-0.0065902
-0.0062291
-0.0066805
-0.0073124
-0.0062291
-0.0083958
-0.0051458
-0.0059583
-0.0054166
-0.0037014
-0.00036111
