Parent,parentFile3.txt
HeartRate,619
Vmax,0.40786
Wavelength,151
 [DATA] 
-0.0018706
-0.0071081
-0.003367
-0.017583
-0.00074822
-0.016461
-0.010849
0.003367
-0.01459
0.0056117
-0.013468
-0.018331
-0.018706
-0.0048634
-0.0074822
0.003367
0.096521
0.25664
0.53498
0.84474
0.87579
0.96446
0.87767
0.60045
0.35466
0.080808
0.070707
0.29106
0.68649
0.99214
0.35728
-0.15563
-0.46839
-0.34568
-1.1893
-1.9188
-1.8264
-1.5567
-0.34156
0.27385
-0.18631
-0.53872
-1.0621
-1.2518
-0.82753
-0.16872
0.11934
0.24841
0.30976
0.34306
0.3049
0.26562
0.19603
0.12832
0.071829
0.0018706
-0.04003
-0.069585
-0.077441
-0.11822
-0.12533
-0.12421
-0.11747
-0.11149
-0.096147
-0.10774
-0.092406
-0.084549
-0.072578
-0.08193
-0.0737
-0.060232
-0.063599
-0.052001
-0.040778
-0.049383
-0.041152
-0.036289
-0.029929
-0.054246
-0.041152
-0.026936
-0.029929
-0.021324
-0.038908
-0.029181
-0.024317
-0.017583
-0.026562
-0.015339
-0.023569
-0.024317
-0.022073
-0.019454
-0.022073
-0.0056117
-0.013842
-0.022447
-0.026936
-0.013094
-0.015713
0.0037411
-0.01459
-0.011223
-0.0041152
0
-0.022447
-0.00037411
0.0063599
-0.0026188
-0.0018706
-0.0086046
0.0037411
0.0044893
0.0086046
0.0071081
0.00074822
-0.0041152
0.01272
0.0037411
-0.0063599
-0.0026188
0.0086046
0.016087
0.013094
-0.003367
-0.00074822
0.0063599
0.010101
0.0048634
0.0044893
0.0026188
0.006734
0.012346
-0.010101
0.0048634
0.0082305
0.0011223
0.011597
0.003367
0.0059858
0.0086046
0.021324
0.020202
-0.00037411
0.0022447
0.017957
0.0093528
-0.00037411
0.0089787
0.011223
