Parent,parentFile6.txt
HeartRate,600
Vmax,0.65232
Wavelength,104
 [DATA] 
0.0081871
0.0044444
0
0.005848
0.0093567
0.047485
0.044912
0.15392
0.38737
0.62292
0.78456
0.64515
0.15556
-0.13661
-0.40281
-0.25333
-0.073684
0.57988
0.8
0.83415
0.94503
0.27977
-0.050292
-1.455
-1.24
-0.60187
-0.21427
-0.10667
-0.20491
-0.37333
-0.53825
-0.6676
-0.76795
-0.80608
-0.79135
-0.75088
-0.68398
-0.60351
-0.52234
-0.4531
-0.37567
-0.31135
-0.24187
-0.20561
-0.17404
-0.1317
-0.11439
-0.090058
-0.071111
-0.062222
-0.073216
-0.058012
-0.058713
-0.061053
-0.053099
-0.042339
-0.036725
-0.04655
-0.040468
-0.035322
-0.038363
-0.036023
-0.024561
-0.024327
-0.014737
-0.010292
-0.0072515
-0.014737
-0.0072515
-0.0053801
-0.0023392
0.0023392
-0.010526
-0.0037427
0.0021053
0.012398
-0.0011696
0.0016374
0.0016374
-0.00046784
0.0014035
0.0067836
0.0018713
0.011228
0.015906
0.0039766
-0.0032749
0.0021053
0.016842
0.010994
0.01614
0.0023392
0.011228
0.019649
0.011462
0.012865
0.021287
0.013333
0.014503
0.01848
0.013567
0.016842
0.017778
0.013567
