Parent,parentFile2.txt
HeartRate,682
Vmax,0.84702
Wavelength,73
 [DATA] 
0
0.0046838
0.0050441
-0.0037831
0.0064853
0.0037831
0.010809
0.00072059
0.0066655
0.00018015
-0.0010809
0.0075662
0.0054044
0.0064853
0.010449
-0.0032427
-0.00018015
0.011529
0.0028824
0.0034228
0.0030625
0.0039632
0.009728
0.0041434
0.0018015
0.0003603
0.00090074
0.0091875
0.0003603
0.0081066
0.0037831
0.0016213
0.0055846
0.0095478
-0.0018015
-0.00090074
0.003603
-0.0010809
0.0041434
0.0041434
0.0082868
0.0019816
0.0055846
-0.0046838
0.0014412
0.0021618
-0.0010809
0.0052243
0.0018015
-0.00090074
0.0010809
0.0018015
-0.0055846
0.00054044
-0.0027022
0
-0.00018015
-0.0014412
-0.0027022
-0.0050441
-0.0068456
-0.0066655
-0.0019816
-0.0030625
-0.0010809
0.00018015
-0.0090074
-0.003603
-0.0064853
-0.0037831
-0.0064853
-0.0084669
-0.0016213
