Parent,parentFile4.txt
HeartRate,567
Vmax,2.2492
Wavelength,40
 [DATA] 
-0.0076662
-0.01133
-0.013365
-0.0055631
-0.012008
-0.013026
-0.017028
-0.013569
-0.0059701
-0.0022388
-0.0068521
-0.0049525
0.01635
0.028019
0.023066
0.014993
0.0045455
0.013433
0.019946
0.024966
0.02829
0.027748
0.028155
0.024559
0.025509
0.021506
0.01289
0.012415
0.013636
0.0087517
0.0057666
0.0037313
0.0018996
-0.00033921
-0.0011533
-6.7843e-05
-0.00027137
0.0016282
0.0010176
0.00020353
