Parent,parentFile6.txt
HeartRate,600
Vmax,0.4103
Wavelength,68
 [DATA] 
-0.0089253
-0.0063221
-0.0081815
-0.011528
0
0
-0.0048345
-0.023429
-0.034957
-0.014875
-0.015247
-0.027891
-0.033098
-0.024173
-0.026032
-0.034213
-0.03756
-0.036817
-0.023057
-0.050948
-0.039048
-0.02752
-0.026404
-0.035701
-0.040907
-0.037189
-0.018966
-0.030495
-0.029379
0.0044626
-0.0029751
0.0052064
0.023429
0.026032
0.031982
0.03942
0.034957
0.031238
0.03756
0.024916
0.05132
0.044626
0.044998
0.049089
0.045742
0.021941
0.01971
0.021197
0.0119
0.003347
-0.00037189
0.010041
-0.010041
-0.0081815
-0.0070658
-0.0018594
-0.0070658
0.0011157
-0.0070658
-0.014875
-0.017107
-0.00074377
-0.016735
-0.009669
0
-0.0074377
-0.021569
-0.01971
