Parent,parentFile5.txt
HeartRate,607
Vmax,0.39978
Wavelength,60
 [DATA] 
-0.0034351
0.0057252
0.0034351
-0.016794
-0.014122
0.0026718
0.026336
0.014122
0.017939
0.019466
0.022519
0.01145
0.027863
0.013359
0.022519
0.032061
0.055344
0.027099
0.034351
0.057634
0.067176
0.059924
0.037023
0.011069
0.0049618
0.080534
0.038931
0.020992
0.01145
0.023664
-0.053053
0.01374
0.037786
0.00038168
-0.026718
-0.03855
-0.041985
-0.037023
-0.012977
-0.020611
-0.03855
-0.019847
0.0041985
-0.015267
-0.0099237
-0.012977
0.0038168
0.016794
0.0091603
0.014504
0.0064885
0.0076336
0.011832
0.022137
0.009542
0.022519
0.0038168
0.021756
-0.011069
0.001145
