Parent,parentFile5.txt
HeartRate,607
Vmax,0.6549
Wavelength,60
 [DATA] 
0.0076887
0.015377
0.019105
0.030522
0.032619
0.024464
0.036114
0.026561
0.013048
0.017474
0.017474
0.03425
0.019105
0.01561
0.032153
0.0018639
0.0018639
-0.0058248
0.0065238
0.013281
0.0069897
0.0097856
0.018173
0.0051258
0.010951
0.0048928
0
0.020969
0.020037
0.029823
0.03192
0.042637
0.018173
0.021901
0.020503
0.037512
0.042171
0.04287
0.043336
0.064539
0.046365
0.049627
0.03658
0.046132
0.04287
0.047763
0.054986
0.052656
0.048462
0.039609
0.037512
0.033085
0.051025
0.046132
0.048229
0.036813
0.037978
0.018406
0.022367
0.014911
