Parent,parentFile4.txt
HeartRate,567
Vmax,4.9998
Wavelength,40
 [DATA] 
0.0013733
0.0012818
0.00018311
0.0014039
9.1556e-05
0.00070193
0.0017396
0.0010071
0.00054933
0.00079348
-0.00039674
-9.1556e-05
0.00030519
0.0010987
-0.00027467
0.00054933
0.0011902
0.0012818
0.00024415
0.0013428
0.0003357
0.0011597
0.0011292
0.0014344
0.00085452
0.00097659
0.00088504
0.00036622
0.0010681
0.00091556
0.000824
0.0011597
0.00057985
0.00067141
0.0018006
0.0016175
0.0017701
0.00030519
0.00085452
0.000824
