Parent,parentFile4.txt
HeartRate,567
Vmax,1.0852
Wavelength,40
 [DATA] 
-0.016451
-0.014764
-0.012373
-0.01392
-0.013639
-0.014061
-0.023341
-0.022778
-0.017154
-0.019123
-0.01631
-0.017857
-0.0053431
-0.0047807
-0.0036558
-0.0053431
-0.0060461
0.0014061
0.00056243
0.0043588
0.013358
0.014342
0.017154
0.018841
0.018701
0.014623
0.0092801
0.015326
0.019966
0.021935
0.016732
0.012233
0.007874
0.0088583
0.0049213
0.011952
0.0074522
0.0054837
0.0060461
-0.00014061
