Parent,parentFile5.txt
HeartRate,607
Vmax,1.80192
Wavelength,60
 [DATA] 
-0.0011855
0.0023711
0.00084681
-0.0044881
-0.0043187
-0.00076213
-0.0017783
0.0022864
-0.0024558
0.002117
-0.00050809
0.00084681
-0.0030485
-0.0015243
-0.0022017
0.00050809
-0.00025404
-0.00093149
-0.0012702
0.00050809
0.00093149
0.0017783
-0.0020323
-0.0013549
0.00093149
0.0025404
0.0022864
0.0012702
-0.0016089
-0.00059277
0
-8.4681e-05
0.00398
-8.4681e-05
0.0010162
0.00076213
-0.00059277
-0.00042341
0.00084681
-0.0014396
0.00067745
0.0042341
0.0023711
0.00016936
-0.00093149
-0.0011855
-0.00033872
0.00059277
0.0038953
0.0032179
-0.0020323
0.0014396
0.00025404
-8.4681e-05
0.00050809
-0.0010162
-0.00059277
0.001863
0.0026251
0.0026251
