Parent,parentFile2.txt
HeartRate,682
Vmax,0.60944
Wavelength,73
 [DATA] 
0.011768
0.032048
0.0010015
-0.029544
-0.039059
-0.042063
-0.042564
-0.034552
-0.038057
-0.042063
-0.056084
-0.07311
-0.054331
-0.04031
-0.014522
0.0042564
0.0052579
0.033801
0.11943
0.12293
0.09339
0.014271
0.052829
0.10591
0.1357
0.12919
0.15623
0.12268
0.11167
0.047822
0.050576
0.058838
0.041813
0.025288
0.012268
0.011267
-0.036304
-0.036054
-0.07361
-0.043065
-0.027291
-0.023035
-0.021282
-0.016525
-0.035053
-0.048072
-0.050325
-0.057336
-0.032549
-0.035303
-0.030045
-0.012769
-0.029294
-0.050075
-0.05358
-0.051577
-0.044316
-0.028793
-0.033801
-0.02654
-0.02003
-0.025538
-0.030295
-0.033801
-0.031047
-0.018778
-0.01978
-0.024286
-0.012769
-0.010766
-0.014021
-0.021282
-0.021783
