Parent,parentFile6.txt
HeartRate,600
Vmax,1.2413
Wavelength,68
 [DATA] 
-0.0057775
-0.0030731
-0.0046712
-0.0097111
-0.0027044
-0.0041795
-0.0078672
-0.0072526
-0.0061463
-0.0043024
-0.003319
-0.0054087
-0.0057775
-0.0065151
-0.0019668
-0.00073755
-0.0019668
-0.0025814
-0.00073755
-0.0013522
-0.0029502
-0.0025814
-0.0011063
-0.0055317
0.0024585
0.0018439
-0.0012293
-0.0034419
-0.0024585
0
0.00061463
-0.00086048
-0.0013522
0.001598
-0.00012293
0.0025814
-0.00086048
0.00036878
0.0014751
-0.00036878
-0.0014751
-0.00012293
0.0022127
0.0019668
-0.00504
0.0023356
-0.004917
0.00012293
0.00098341
-0.00073755
0.00061463
-0.0024585
-0.001598
0.00012293
-0.0004917
-0.0031961
0.00073755
-0.00061463
0.00036878
0.0018439
0.00012293
-0.0020897
-0.0013522
0.001598
-0.0030731
0.0004917
-0.0019668
0.0028273
