Parent,parentFile2.txt
HeartRate,682
Vmax,1.05712
Wavelength,73
 [DATA] 
-0.012125
-0.012558
-0.013712
-0.0090935
-0.010826
-0.014723
-0.012413
-0.013279
-0.014001
-0.014723
-0.014579
-0.0064954
-0.015878
-0.011836
-0.0090935
-0.011547
-0.01761
-0.015445
-0.0098152
-0.016022
-0.017321
-0.01097
-0.014579
-0.010248
-0.014001
-0.010393
-0.011114
-0.010104
-0.013424
-0.017032
-0.0070727
-0.0047633
-0.0051963
-0.0095266
-0.0092379
-0.0062067
-0.012269
-0.0037529
0
-0.0090935
-0.0053406
-0.0062067
0.00028868
0.0011547
0.0028868
0.00072171
-0.0018764
-0.0017321
-0.005918
0.0037529
0.0040416
0.005052
0.0018764
0.0056293
0.0053406
0.0040416
0.0012991
0.0085162
0.0047633
0.014145
0.0057737
0
0.0088048
0.0073614
0.0049076
0.0023095
0.00028868
0.005485
0.0090935
0.0024538
0.0089492
0.0043303
0.0011547
