Parent,parentFile3.txt
HeartRate,619
Vmax,1.34338
Wavelength,N/A
 [DATA] 
-0.016356
-0.013517
-0.0077238
-0.012381
-0.01363
-0.010791
-0.013289
-0.010791
-0.011018
-0.0069287
-0.0062472
-0.0077238
-0.0068151
-0.0057928
-0.0080645
-0.0048841
-0.011018
0.00034075
-0.0052249
-0.0051113
-0.0017038
-0.0071558
-0.0043162
-0.0076102
-0.0043162
-0.00034075
-0.0039755
-0.0048841
-0.0022717
0.0021581
0.00011358
-0.0044298
-0.0019309
-0.0010223
0
-0.0024989
0.0034075
0.00045434
-0.0022717
0.0077238
0.0014766
-0.0011358
0.0021581
0.0044298
0.0085189
0.0038619
-0.0010223
0.0049977
0.0021581
0.0048841
0.0053385
0.010904
0.01045
0.0034075
0.0051113
0.0026124
0.0064743
0.0047706
0.0049977
0.0076102
0.0082917
0.007383
0.0052249
0.0056792
0.0048841
0.0056792
0.0068151
0.0034075
0.011472
0.0070423
0.0061336
0.0099955
0.002726
0.0092004
0.0081781
0.010904
0.0064743
0.0074966
0.0067015
0.0056792
0.0045434
0.010563
0.0094275
0.0063607
