Parent,parentFile4.txt
HeartRate,567
Vmax,1.95282
Wavelength,N/A
 [DATA] 
-0.0012502
0.0035943
0.0049226
0.003985
0.007423
0.0069542
-0.0014065
-0.0021878
-0.00023441
0.0055477
0.0027348
0.0060166
0.0044538
0.0031255
0.0033599
0.0070323
-0.003438
0.0011721
0.0035943
0.0011721
0.0059384
0.0058603
0.0055477
0.00046882
0.0030474
0.0027348
0.0050789
0.0025004
0.0063291
0.0048445
0.0014065
0.0011721
-0.00015627
0.004532
0.0023441
0.0042194
0.0033599
0.0061728
0.0010158
0.00093765
-0.003985
0.0021878
0.0018753
0.00039069
0.0014065
0.004532
-0.00093765
-0.0006251
-0.0044538
-0.0025785
-0.0010939
0.00070323
-0.00015627
0.0021878
0.0044538
-0.0020316
-0.0031255
-0.0025004
-0.0017972
-0.00015627
-0.0025785
