Parent,parentFile2.txt
HeartRate,682
Vmax,0.55114
Wavelength,N/A
 [DATA] 
-0.0035991
0.0011074
0.010797
-0.0096899
-0.011351
-0.0080288
-0.0099668
-0.0066445
-0.001938
-0.0033223
0.001938
0.0083056
0.00027685
0
-0.0096899
-0.0060908
-0.0013843
0.0011074
0.012458
0.00083056
0.0055371
0.001938
0.0088594
0.0027685
0.00027685
-0.0011074
0.014673
0.0049834
-0.001938
-0.00027685
0.0091362
