Parent,parentFile5.txt
HeartRate,607
Vmax,0.6549
Wavelength,N/A
 [DATA] 
-0.0023299
-0.013281
-0.016775
0.001165
0.00046598
-0.0041938
-0.0018639
0.012815
-0.016775
-0.025629
-0.019804
-0.017241
-0.0060578
-0.0083877
-0.0086207
-0.0079217
-0.0083877
-0.023066
-0.026328
-0.030988
0.00023299
-0.013048
-0.011417
-0.013281
-0.0065238
-0.028425
-0.017241
-0.022833
-0.0088537
-0.0069897
-0.011883
-0.012815
-0.00046598
-0.014911
-0.019571
-0.027726
-0.017707
-0.0018639
-0.0067568
-0.012349
-0.0060578
-0.0037279
-0.014212
-0.0030289
-0.01794
-0.00023299
0.0030289
0.0090867
0.010718
0.0079217
-0.0025629
0.0076887
0.0020969
0.018406
0.019105
0.017241
0.013979
0.035182
0.02959
0.0076887
