Parent,parentFile3.txt
HeartRate,619
Vmax,1.11176
Wavelength,N/A
 [DATA] 
-0.0017842
-0.002196
-0.003294
-0.006039
-0.0015097
-0.0039802
-0.006039
-0.0045292
-0.0012352
-0.0030195
-0.0015097
0.003294
-0.0039802
-0.0048037
-0.0030195
-0.00041175
-0.0019215
-0.0017842
-0.0059017
-0.0046665
-0.0056272
-0.0031567
-0.002196
-0.00096075
-0.000549
-0.0042547
-0.003294
-0.006039
-0.0026077
-0.00096075
0.0023332
-0.0048037
-0.0030195
-0.0012352
-0.00549
-0.0042547
-0.0061762
0
-0.003294
-0.0019215
-0.0053527
-0.0042547
-0.0068625
-0.0024705
-0.004941
-0.004392
-0.0017842
0.0002745
-0.009882
-0.0064507
0.0013725
0.0002745
-0.000549
0.0008235
0.0017842
-0.0059017
-0.003843
0.0024705
0.0023332
-0.001098
0.00096075
0.0019215
0.0017842
0.0026077
0.0041175
0.0019215
-0.003843
0.0037057
-0.00068625
0.000549
0.0023332
-0.0015097
-0.000549
0.0061762
-0.000549
-0.0012352
-0.0035685
0.00041175
0.0017842
0.0042547
0.0037057
-0.00096075
-0.0017842
0.0019215
