Parent,parentFile3.txt
HeartRate,619
Vmax,1.11358
Wavelength,N/A
 [DATA] 
-0.00027405
-0.0030145
-0.0015073
-0.0072623
-0.0049329
-0.0050699
-0.0041107
0
-0.0039737
0
-0.0047958
-0.00027405
-0.0042477
-0.0039737
-0.0020554
-0.0050699
-0.0028775
-0.0020554
-0.0050699
-0.0046588
-0.0047958
0.00095917
0
-0.0034256
-0.0034256
-0.0039737
-0.0021924
-0.0035626
-0.0012332
-0.0010962
-0.0024664
0.00068512
0.0015073
0.00013702
-0.00027405
0.0016443
-0.00027405
0.0021924
0.0013702
0.0047958
-0.00013702
0.0045218
-0.00027405
0.0073993
0.0049329
0
-0.00013702
0.0021924
0.0031515
0.005892
0.0042477
0.0050699
0.0015073
-0.0016443
0.0021924
0.0072623
0
-0.00013702
0.0072623
0.0046588
-0.0020554
-0.0036996
-0.0027405
-0.00095917
