Parent,parentFile2.txt
HeartRate,682
Vmax,0.4393
Wavelength,N/A
 [DATA] 
0.011115
0.01181
0.013199
0.010768
0.0079889
0.030566
0.025703
0.0031261
0.014588
0.0076415
0.0072942
0.015283
0.035776
0.012504
0.020493
0.018062
0.015283
0.015283
0.0031261
0.012157
0.02744
0.019799
0.026745
0.018757
0.014588
0.0065995
0.010768
0.012504
0.0052101
0.0065995
0.0065995
