Parent,parentFile3.txt
HeartRate,619
Vmax,0.95826
Wavelength,N/A
 [DATA] 
-0.0044586
-0.0074841
-0.0079618
-0.0041401
-0.0011146
-0.0066879
-0.0017516
-0.002707
-0.006051
-0.0042994
-0.00095541
-0.0011146
-0.0089172
0
0
-0.00079618
-0.0039809
-0.0057325
-0.00063694
-0.00047771
0
-0.0017516
0.0011146
0.00047771
-0.0022293
0.0011146
0.00031847
0.0033439
-0.00031847
0
0.0030255
0.0017516
0.0035032
-0.00047771
0.0025478
-0.00079618
-0.0030255
-0.0014331
-0.0014331
-0.00047771
-0.0042994
-0.0078025
-0.0028662
-0.00095541
-0.0036624
0.00095541
-0.0028662
-0.0030255
-0.0046178
-0.0017516
-0.0038217
-0.0042994
-0.0019108
-0.0025478
-0.0079618
-0.0058917
-0.00095541
-0.0031847
-0.0025478
-0.0025478
-0.0076433
-0.0019108
-0.0047771
-0.0033439
0.0022293
-0.0042994
-0.0047771
-0.0012739
-0.0036624
-0.0065287
-0.008758
-0.0012739
-0.0011146
-0.008121
-0.013535
