Parent,parentFile6.txt
HeartRate,600
Vmax,1.05712
Wavelength,N/A
 [DATA] 
0.00072171
0.0010104
0.0024538
-0.00057737
0.0033199
0.0044746
0.0044746
-0.0014434
0.0011547
0.00086605
0.0017321
-0.0011547
0.0030312
-0.0025982
0.0040416
0.0034642
-0.00057737
0.0037529
0.0023095
-0.0034642
0.0015878
0
0.0010104
0.00028868
0.0014434
0.0028868
0
0.0051963
0.0044746
-0.0041859
-0.0023095
0.00028868
0
0.0041859
0.00028868
-0.0018764
-0.00028868
0.0010104
-0.0028868
-0.0051963
-0.0031755
-0.0047633
-0.0072171
-0.0015878
0
-0.0041859
0.00043303
-0.0046189
