Parent,parentFile1.txt
HeartRate,585
Vmax,1.07482
Wavelength,N/A
 [DATA] 
-0.018455
-0.016326
-0.015332
-0.011641
-0.0159
-0.012067
-0.0083759
-0.0086599
-0.0068143
-0.0096536
-0.003833
-0.0019875
-0.0061045
-0.0069563
-0.0070982
-0.0065304
-0.00099375
-0.0072402
-0.0069563
-0.0065304
-0.0017036
-0.0019875
-0.0021295
0.00070982
-0.0025554
-0.00070982
-0.0018455
-0.0059625
0
0.0011357
0.0034072
-0.0025554
-0.0025554
0
-0.0021295
0.0018455
0.0022714
0.0022714
0.00070982
0.00042589
-0.00099375
0.0036911
-0.00056786
-0.00056786
0.0046848
0.0021295
0.00056786
0.004117
-0.00070982
0.00056786
-0.00099375
0.0018455
0.0031232
-0.00028393
-0.00085179
-0.00056786
0.00099375
-0.00028393
0.00070982
0.0024134
0.0011357
0.0028393
-0.0018455
0.0022714
0.0029813
0.0083759
0.0035491
-0.0068143
-0.0019875
0.0046848
-0.00056786
0.0025554
0.0025554
0.00014196
0.003975
0.0026973
-0.0035491
0.0019875
0.0059625
-0.0012777
0.0019875
0
0.0031232
0.0019875
0.0056786
0.0035491
-0.0032652
0.0061045
0.0021295
0.00099375
-0.0011357
0.00795
0.0073822
-0.0012777
0.0035491
-0.0034072
0.0048268
0.00795
0
0.0018455
-0.00070982
0.0018455
0.0052527
-0.00042589
-0.0017036
-0.00028393
0.0052527
0.0028393
0.0011357
-0.0015616
0.0025554
0.0066723
-0.00056786
0.00042589
0.0069563
0.0048268
0.0014196
0.0048268
0.0014196
0.0048268
0.0031232
0.0051107
0.0032652
0.0029813
0.0025554
0.003975
0.0024134
-0.00042589
0.0058206
0.0031232
-0.00056786
0.0015616
0.004117
-0.0025554
