Parent,parentFile5.txt
HeartRate,607
Vmax,2.682
Wavelength,N/A
 [DATA] 
0.0077943
0.0083632
0.0066564
0.0051203
0.0052341
0.0067702
0.0046652
0.0032998
0.0095579
0.0081356
0.0079081
0.0019912
0.0049497
0.0054048
0.0050065
0.0044945
0.0051772
0.007396
0.0065995
0.007396
0.0026171
0.0051772
0.0064289
0.0055186
0.0034136
0.0058599
0.0066564
0.0076236
0.0052341
0.0027308
0.0035842
0.0067133
0.0048359
0.0046083
0.004779
0.0058599
0.0046083
0.0042669
0.0018775
0.00045514
0.0038687
0.0049497
0.0050634
0.0018206
0.0029015
0.0027308
0.0023895
0.0012516
0.0034136
0.0032998
0.0051772
0.0026739
0.0021619
0.00085339
0.0011379
0.0030722
0.0026739
0.002105
0.0040394
0.0013085
