Parent,parentFile6.txt
HeartRate,600
Vmax,0.3447
Wavelength,N/A
 [DATA] 
0.019035
-0.0022134
0.0048694
-0.0044267
-0.0092961
0.0048694
-0.00044267
-0.0075255
-0.035857
-0.0057548
-0.035414
-0.023904
-0.020806
-0.034529
-0.050465
-0.046038
-0.047809
-0.042939
-0.064188
-0.035857
-0.039398
-0.050465
-0.059761
-0.052678
-0.061532
-0.046038
-0.038955
-0.046481
-0.054006
-0.066844
-0.048251
-0.061532
-0.039841
-0.039841
-0.065073
-0.045153
-0.053121
-0.048251
-0.04471
-0.04471
-0.031873
-0.029216
-0.035414
-0.040726
-0.029659
-0.020363
-0.030102
-0.027446
