Parent,parentFile1.txt
HeartRate,585
Vmax,0.3981
Wavelength,N/A
 [DATA] 
0.02683
0.015715
0.02453
0.02568
0.0061326
0.015332
0.0076658
0.0015332
0.013415
0.0076658
-0.0011499
-0.0022997
0.0076658
0.0068992
-0.002683
0.012649
0.0030663
0.0076658
-0.013032
0.0022997
-0.005366
0.00038329
0.0091989
0.013798
-0.0076658
0.0091989
-0.010349
0.0019164
0.016481
0.010732
0.0049828
0
0.0030663
0
0
0.0057493
0.011115
0.0072825
0
-0.0042162
0.013798
0.012265
0.016098
0.0042162
0.0045995
0.011499
-0.0022997
0.0068992
0.0076658
0.0095822
-0.0065159
-0.0068992
-0.002683
0.0072825
0
0.016481
0.005366
-0.0088156
-0.0045995
0.0034496
-0.0045995
0.0045995
0.0038329
-0.0019164
0.0038329
-0.0045995
0.0084323
-0.0015332
-0.00076658
-0.0015332
0.0049828
-0.0042162
-0.00076658
0.0095822
-0.0045995
-0.002683
-0.016481
0.012649
0.00076658
0.0057493
0.0019164
0.0061326
-0.016481
0.00038329
0.005366
0.0068992
-0.0022997
0.0030663
0.0065159
0.012265
0.0015332
-0.0034496
0
-0.0030663
0.0099655
0.0015332
0.0015332
0.0057493
0.011882
-0.0042162
-0.0045995
0.0045995
-0.0057493
0.0042162
0.00076658
-0.0072825
-0.012649
-0.017631
-0.0095822
-0.005366
0.0022997
-0.0068992
-0.021847
0.00038329
-0.0091989
0.0038329
-0.014948
-0.019548
-0.005366
-0.012265
-0.0072825
-0.0076658
-0.0072825
-0.002683
-0.027213
-0.011882
0.005366
-0.0045995
-0.015332
-0.0049828
-0.012649
-0.015332
-0.0068992
-0.018015
