Parent,parentFile1.txt
HeartRate,585
Vmax,1.44424
Wavelength,N/A
 [DATA] 
0.013735
0.01701
0.014052
0.011199
0.011305
0.007607
0.0081352
0.0067618
0.0015848
-0.00052826
0.0023244
0.00243
-0.0017961
0.00031696
0
0.00010565
-0.00095087
-0.00052826
0
-0.00010565
-0.0030639
0.00042261
0.00010565
0
0.00243
-0.0028526
-0.00073957
0.0031696
0.0025357
-0.00084522
0.00084522
0.00084522
-0.0025357
0.00084522
0.0029583
0.00010565
0
0.0017961
0.0031696
-0.0012678
0.0030639
-0.0042261
0.0017961
0.0030639
0.00073957
-0.00031696
0.0039091
0.0041204
0.00042261
-0.0002113
0
0.0066561
0.00063391
0.0022187
0.0022187
0.0032752
-0.0014791
0.00042261
0.002747
0.00063391
0.0012678
0.00486
0.00031696
0.0015848
0.0031696
0.0010565
0.0012678
-0.0013735
0.0017961
0.0013735
0.0016904
0.0055996
0.00084522
-0.0019017
0.0012678
0.0017961
0.0023244
0.0012678
0.0029583
0.00243
0.0050713
0.0002113
-0.0023244
0.005177
0.00095087
0.0035922
0.0025357
-0.0002113
0.00042261
0.002747
0.002747
0.0025357
0.0015848
0.002747
-0.002113
0.0019017
-0.0002113
0.00243
0.0017961
-0.0002113
-0.00073957
0.0052826
-0.00042261
0.00042261
0.0011622
-0.0029583
0.0015848
0.0002113
0.00063391
0.00084522
0.0012678
-0.0011622
0.0011622
0.0022187
-0.0036978
0.0002113
0.0012678
-0.0026413
-0.0017961
0.00042261
-0.0033809
-0.00095087
0
-0.00010565
-0.0038035
-0.00243
0.0010565
-0.0022187
-0.00042261
0.00063391
-0.0038035
0.00042261
-0.0054939
0.0010565
