Parent,parentFile3.txt
HeartRate,619
Vmax,1.26862
Wavelength,N/A
 [DATA] 
-0.0052923
-0.0036084
-0.0085398
-0.0066153
-0.0062545
-0.0014433
-0.0026461
-0.0058937
-0.0044503
-0.0052923
-0.0070965
-0.006014
-0.0014433
-0.0037287
-0.0054126
-0.0067356
-0.0072167
-0.0019245
-0.00433
-0.0069762
-0.010344
-0.0070965
-0.0058937
-0.006014
-0.0093818
-0.0090209
-0.010224
-0.010585
-0.0089006
-0.0055328
-0.0057734
-0.01287
-0.010344
-0.0086601
-0.0025259
-0.0085398
-0.0031273
-0.010825
-0.0091412
-0.0048112
-0.0037287
-0.00433
0.00012028
-0.0056531
-0.0019245
0.0013231
-0.0058937
-0.0026461
0.00072167
-0.00084195
-0.0020447
-0.0037287
0.00024056
-0.0019245
0.0024056
-0.0052923
-0.0018042
-0.00012028
0.0033678
0.0034881
-0.0038489
0.0026461
0.0045706
-0.00024056
